,Mean,Std
VAL_23-FT-92537-01:X.Value,161806.49790390968,3376.7115236461036
VAL_23-TT-92539:X.Value,124.49207740120123,0.9765332681062157
VAL_23-PT-92539:X.Value,12.697297464617877,0.24748530083912412
VAL_23_ZT_92543:Z.X.Value,38.4275211278933,3.526846391318796
VAL_23-PT-92523:X.Value,2.896979213220164,0.07789550506856749
VAL_23-PDT-92534:X.Value,103.65208726142785,4.056305931427259
VAL_23_TT_92532:Z.X.Value,32.758566953030666,1.000051307657656
VAL_23-TIC-92504:Z.X.Value,39.66488567577457,1.045938285653054
VAL_23_KA_9101_M01_62C:Z.X.Value,9038.09029853633,161.98973373007257
