,Mean,Std
VAL_23-FT-92537-01:X.Value,161806.48548718967,3376.678731326749
VAL_23-TT-92539:X.Value,124.49217330258384,0.9765268517073337
VAL_23-PT-92539:X.Value,12.697301816699177,0.24748713562264715
VAL_23_ZT_92543:Z.X.Value,38.427172146568644,3.526702702898484
VAL_23-PT-92523:X.Value,2.896979464265992,0.07789474616660794
VAL_23-PDT-92534:X.Value,103.65208526306519,4.056317701760988
VAL_23_TT_92532:Z.X.Value,32.758709201534735,1.0000673191531242
VAL_23-TIC-92504:Z.X.Value,39.665258008510804,1.0459126743818195
VAL_23_KA_9101_M01_62C:Z.X.Value,9038.092303649219,161.98665896068397
